data,mode,n,lines,t_read,t_proc,checksum
165000,seq,1,165000,0.0123,1.0783,1af08e47cc3406e6
165000,seq,1,165000,0.0159,1.1317,1af08e47cc3406e6
165000,seq,1,165000,0.0125,1.0061,1af08e47cc3406e6
165000,thread,1,165000,0.0136,0.9789,1af08e47cc3406e6
165000,thread,1,165000,0.0108,0.9430,1af08e47cc3406e6
165000,thread,1,165000,0.0108,0.9122,1af08e47cc3406e6
165000,thread,2,165000,0.0159,0.6213,1af08e47cc3406e6
165000,thread,2,165000,0.0128,0.6257,1af08e47cc3406e6
165000,thread,2,165000,0.0154,0.7494,1af08e47cc3406e6
165000,thread,4,165000,0.0118,0.4446,1af08e47cc3406e6
165000,thread,4,165000,0.0147,0.4680,1af08e47cc3406e6
165000,thread,4,165000,0.0169,0.4708,1af08e47cc3406e6
165000,thread,8,165000,0.0160,0.2369,1af08e47cc3406e6
165000,thread,8,165000,0.0153,0.2387,1af08e47cc3406e6
165000,thread,8,165000,0.0127,0.2349,1af08e47cc3406e6
165000,proc,1,165000,0.0123,0.9880,1af08e47cc3406e6
165000,proc,1,165000,0.0164,0.9863,1af08e47cc3406e6
165000,proc,1,165000,0.0124,1.0287,1af08e47cc3406e6
165000,proc,2,165000,0.0113,0.6085,1af08e47cc3406e6
165000,proc,2,165000,0.0143,0.5721,1af08e47cc3406e6
165000,proc,2,165000,0.0143,0.5734,1af08e47cc3406e6
165000,proc,4,165000,0.0165,0.4551,1af08e47cc3406e6
165000,proc,4,165000,0.0134,0.4651,1af08e47cc3406e6
165000,proc,4,165000,0.0180,0.5034,1af08e47cc3406e6
165000,proc,8,165000,0.0148,0.2389,1af08e47cc3406e6
165000,proc,8,165000,0.0141,0.2437,1af08e47cc3406e6
165000,proc,8,165000,0.0159,0.2575,1af08e47cc3406e6
330000,seq,1,330000,0.0337,1.9218,902ce3357bedbc2a
330000,seq,1,330000,0.0268,1.8098,902ce3357bedbc2a
330000,seq,1,330000,0.0243,2.1967,902ce3357bedbc2a
330000,thread,1,330000,0.0237,2.1606,902ce3357bedbc2a
330000,thread,1,330000,0.0272,2.2009,902ce3357bedbc2a
330000,thread,1,330000,0.0269,1.9839,902ce3357bedbc2a
330000,thread,2,330000,0.0267,1.3204,902ce3357bedbc2a
330000,thread,2,330000,0.0291,1.3144,902ce3357bedbc2a
330000,thread,2,330000,0.0262,1.2808,902ce3357bedbc2a
330000,thread,4,330000,0.0291,0.8621,902ce3357bedbc2a
330000,thread,4,330000,0.0237,0.7850,902ce3357bedbc2a
330000,thread,4,330000,0.0214,0.7553,902ce3357bedbc2a
330000,thread,8,330000,0.0247,0.4565,902ce3357bedbc2a
330000,thread,8,330000,0.0250,0.4606,902ce3357bedbc2a
330000,thread,8,330000,0.0228,0.4853,902ce3357bedbc2a
330000,proc,1,330000,0.0257,2.3454,902ce3357bedbc2a
330000,proc,1,330000,0.0267,2.0212,902ce3357bedbc2a
330000,proc,1,330000,0.0289,1.8361,902ce3357bedbc2a
330000,proc,2,330000,0.0205,1.0920,902ce3357bedbc2a
330000,proc,2,330000,0.0271,1.0557,902ce3357bedbc2a
330000,proc,2,330000,0.0310,1.1142,902ce3357bedbc2a
330000,proc,4,330000,0.0317,0.9423,902ce3357bedbc2a
330000,proc,4,330000,0.0353,0.9729,902ce3357bedbc2a
330000,proc,4,330000,0.0327,0.9111,902ce3357bedbc2a
330000,proc,8,330000,0.0255,0.4883,902ce3357bedbc2a
330000,proc,8,330000,0.0252,0.4759,902ce3357bedbc2a
330000,proc,8,330000,0.0242,0.4693,902ce3357bedbc2a
660000,seq,1,660000,0.0621,4.7580,8feb6deb7410fa40
660000,seq,1,660000,0.0485,3.7209,8feb6deb7410fa40
660000,seq,1,660000,0.0515,3.6971,8feb6deb7410fa40
660000,thread,1,660000,0.0513,3.7760,8feb6deb7410fa40
660000,thread,1,660000,0.0475,3.7503,8feb6deb7410fa40
660000,thread,1,660000,0.0516,3.7388,8feb6deb7410fa40
660000,thread,2,660000,0.0652,2.3395,8feb6deb7410fa40
660000,thread,2,660000,0.0474,2.5041,8feb6deb7410fa40
660000,thread,2,660000,0.0543,2.5027,8feb6deb7410fa40
660000,thread,4,660000,0.0459,1.7031,8feb6deb7410fa40
660000,thread,4,660000,0.0555,1.7530,8feb6deb7410fa40
660000,thread,4,660000,0.0585,1.7261,8feb6deb7410fa40
660000,thread,8,660000,0.0546,0.9270,8feb6deb7410fa40
660000,thread,8,660000,0.0525,0.9219,8feb6deb7410fa40
660000,thread,8,660000,0.0501,0.9270,8feb6deb7410fa40
660000,proc,1,660000,0.0716,3.7769,8feb6deb7410fa40
660000,proc,1,660000,0.0515,3.7512,8feb6deb7410fa40
660000,proc,1,660000,0.0406,3.6271,8feb6deb7410fa40
660000,proc,2,660000,0.0478,2.5727,8feb6deb7410fa40
660000,proc,2,660000,0.0425,2.1035,8feb6deb7410fa40
660000,proc,2,660000,0.0482,1.9641,8feb6deb7410fa40
660000,proc,4,660000,0.0429,1.6687,8feb6deb7410fa40
660000,proc,4,660000,0.0516,1.5931,8feb6deb7410fa40
660000,proc,4,660000,0.0446,1.5991,8feb6deb7410fa40
660000,proc,8,660000,0.0475,0.9042,8feb6deb7410fa40
660000,proc,8,660000,0.0522,0.9078,8feb6deb7410fa40
660000,proc,8,660000,0.0410,0.9262,8feb6deb7410fa40
