data,mode,n,lines,t_read,t_proc,checksum,valid
165000,seq,1,165000,0.0125,1.0061,1af08e47cc3406e6,1
165000,thread,1,165000,0.0108,0.9122,1af08e47cc3406e6,1
165000,thread,2,165000,0.0159,0.6213,1af08e47cc3406e6,1
165000,thread,4,165000,0.0118,0.4446,1af08e47cc3406e6,1
165000,thread,8,165000,0.0127,0.2349,1af08e47cc3406e6,1
165000,proc,1,165000,0.0164,0.9863,1af08e47cc3406e6,1
165000,proc,2,165000,0.0143,0.5721,1af08e47cc3406e6,1
165000,proc,4,165000,0.0165,0.4551,1af08e47cc3406e6,1
165000,proc,8,165000,0.0148,0.2389,1af08e47cc3406e6,1
330000,seq,1,330000,0.0268,1.8098,902ce3357bedbc2a,1
330000,thread,1,330000,0.0269,1.9839,902ce3357bedbc2a,1
330000,thread,2,330000,0.0262,1.2808,902ce3357bedbc2a,1
330000,thread,4,330000,0.0214,0.7553,902ce3357bedbc2a,1
330000,thread,8,330000,0.0247,0.4565,902ce3357bedbc2a,1
330000,proc,1,330000,0.0289,1.8361,902ce3357bedbc2a,1
330000,proc,2,330000,0.0271,1.0557,902ce3357bedbc2a,1
330000,proc,4,330000,0.0327,0.9111,902ce3357bedbc2a,1
330000,proc,8,330000,0.0242,0.4693,902ce3357bedbc2a,1
660000,seq,1,660000,0.0515,3.6971,8feb6deb7410fa40,1
660000,thread,1,660000,0.0516,3.7388,8feb6deb7410fa40,1
660000,thread,2,660000,0.0652,2.3395,8feb6deb7410fa40,1
660000,thread,4,660000,0.0459,1.7031,8feb6deb7410fa40,1
660000,thread,8,660000,0.0525,0.9219,8feb6deb7410fa40,1
660000,proc,1,660000,0.0406,3.6271,8feb6deb7410fa40,1
660000,proc,2,660000,0.0482,1.9641,8feb6deb7410fa40,1
660000,proc,4,660000,0.0516,1.5931,8feb6deb7410fa40,1
660000,proc,8,660000,0.0475,0.9042,8feb6deb7410fa40,1
